Category,Message
0,Upgrade to our premium plan for exclusive access to premium content and features.
0,Happy holidays from our team! Wishing you joy and prosperity this season.
0,We're hiring! Check out our career opportunities and join our dynamic team.
1,Your Amazon account has been locked. Click here to verify your account information.
0,Your opinion matters! Take our survey and help us enhance your experience.
0,Your payment has been received. Thank you for your prompt transaction.
1,Your email account storage is full. Click here to upgrade your account.
0,"Dear [Name], thank you for subscribing to our newsletter. Here's your welcome gift!"
0,Your account has been credited with loyalty points. Redeem them for exciting rewards!
1,You've been chosen for a free iPhone. Click here to claim your prize!
0,Don't miss out on our special offer! Sign up now and get a discount on your first purchase.
0,We're hiring interns for the summer. Apply now and gain valuable experience.
1,You're pre-approved for a loan. Click here to apply now!
0,We're thrilled to introduce our new collection. Shop now and enjoy exclusive discounts!
0,We're excited to announce our upcoming webinar series. Register now to reserve your spot!
0,We've added new features to our app based on your feedback. Update now!
1,You're a winner! Click here to claim your exclusive prize.
1,Your Facebook account has been hacked. Click here to secure your account.
0,Congratulations on reaching a new milestone! Here's to many more achievements.
1,Congratulations! You've been selected for a job interview. Click here to schedule your interview.
1,Your account has been suspended due to suspicious activity. Click here to unlock your account.
0,Get ready for our flash sale! Limited-time offers on your favorite products.
0,Thank you for your feedback. We're always striving to improve our services.
1,Your PayPal account has been suspended. Click here to restore your account access.
1,You've won a luxury car! Click here to claim your prize.
0,We've extended our sale for one more day! Don't miss your chance to save big.
1,Your account has been flagged for suspicious activity. Click here to verify your identity.
0,We're sorry for the inconvenience. Our website will be back online shortly.
0,Thank you for your recent purchase. Here's a special offer for you.
1,Get instant cash now! Click here to access our quick loan service.
0,We're here to help you with any questions or concerns you may have.
1,Your account has been banned. Click here to appeal the ban.
1,Congratulations! You've won a free vacation to a tropical paradise! Claim now!
1,Your account has been pre-approved for a credit card. Click here to apply now!
0,We're sorry to see you go. Let us know if there's anything we can do to improve.
1,You've been selected for a free trial of our premium membership. Click here to sign up!
1,You've been selected for a free trial of our premium service. Click here to activate now!
0,We're committed to sustainability. Learn more about our eco-friendly initiatives.
0,We're hiring! Check out our careers page for current job openings.
0,We're sorry for the inconvenience. Our website will be undergoing maintenance tonight.
0,Your account has been credited with bonus points. Use them to unlock exclusive rewards!
0,We appreciate your business. Here's a token of our appreciation.
0,We value your feedback. Share your thoughts with us.
0,Thank you for your loyalty. Here's a special discount code as a token of our appreciation.
0,Thank you for your purchase. Your order will be delivered within the next few days.
1,Your account has been hacked. Click here to reset your password.
0,Get ready for our annual sale! Big savings await you.
1,You've been selected for a free iPhone X. Click here to claim your prize!
1,Congratulations! You've won a free trip to Europe. Click here to claim your prize!
0,This is to inform you about the schedule change for tomorrow's meeting. Please take note.
1,You've been selected for a special prize. Click here to claim your reward!
1,You've been selected for a free trial of our premium service. Click here to activate now!
1,You've been selected for a free trial of our premium service. Click here to activate now!
0,Upgrade to our premium membership for exclusive benefits and personalized recommendations.
1,You've won a luxury car! Click here to claim your prize.
0,We've updated our app with new features. Update now for an enhanced user experience.
0,Your opinion matters! Take our survey and get a chance to win exciting prizes.
1,Get instant cash now! Click here to access our quick loan service.
0,We're excited to announce our latest product release. Check it out!
1,Your computer has been infected with a virus. Click here to download our antivirus software.
1,Your account has been pre-approved for a credit card. Click here to apply now!
0,Your subscription renewal is due. Don't forget to update your payment information.
1,Get rich quick! Click here to join our exclusive investment program.
0,Don't miss out on our limited-time offer. Shop now and save.
0,We value your privacy. Review our updated privacy policy for more information.
1,You've been selected for a free iPhone X. Click here to claim your prize!
1,Your account has been compromised. Click here to secure your account.
1,Congratulations! You're our lucky winner of the day. Click here to claim your prize!
0,We're hosting a webinar next week. Register now to secure your spot!
0,Your order has been successfully processed. It will be shipped out today.
0,We're experiencing high call volumes. You can reach us faster by using our online chat.
1,Your Netflix subscription has expired. Click here to renew now!
0,Good morning! Attached is the report you requested. Have a great day!
0,Thank you for attending our workshop. Here are the presentation slides for your reference.
0,We're excited to share our latest product updates with you. Check them out now!
1,Act fast! Limited-time offer on designer handbags. Click here to shop now!
1,Claim your prize now! Click here to confirm your winnings.
0,Just a friendly reminder to renew your subscription before it expires.
1,Act now! Limited-time offer on luxury watches. Click here to buy now!
1,Congratulations! You're the lucky winner of our holiday giveaway. Click here to claim your prize!
0,Thank you for your inquiry. We appreciate your interest in our products.
1,Get rich overnight! Click here to learn our secret money-making method.
0,Your satisfaction is our priority. Let us know how we can serve you better.
0,Thank you for your patience. Our technical team has resolved the issue. Happy browsing!
0,"Dear [Name], your account subscription has expired. Renew now to continue enjoying our services."
1,URGENT: Your account has been compromised. Click here to reset your password immediately.
0,Your annual membership has been renewed. Enjoy another year of exclusive benefits.
0,We're excited to share our latest blog post with you. Check it out for valuable insights.
1,Your account has been banned. Click here to appeal the ban.
1,You've won a luxury cruise! Click here to claim your tickets.
0,We've detected unusual activity on your account. Secure it by changing your password.
0,Your package is out for delivery. Track your shipment using the link provided.
1,You've won a shopping spree! Click here to claim your voucher.
0,Your account has been upgraded to VIP status. Enjoy enhanced benefits and privileges.
0,Thank you for subscribing to our newsletter. Here's a special offer just for you!
0,Our team is here to help you. Contact us anytime for assistance.
0,Stay connected with us! Follow our social media channels for the latest updates.
1,Your account has been hacked. Click here to reset your password.
0,Stay informed with our latest blog posts. Subscribe to our newsletter today.
1,Your account has been credited with bonus points. Click here to redeem your rewards.
1,Congratulations! You're the winner of our daily giveaway. Click here to claim your reward!
1,Your PayPal account has been locked. Click here to restore your account access.
0,Your trial period has ended. Upgrade to a premium plan for unlimited access.
0,Stay connected with our latest updates. Follow us on social media.
1,Congratulations! You've been selected for a free trial of our premium software. Click here to download now!
1,Congratulations! You've been selected for a free trial of our premium software. Click here to download now!
0,Your order is confirmed. You'll receive a confirmation email shortly with the details.
0,We're committed to providing excellent service. Your feedback helps us improve.
0,"Dear [Name], your account has been upgraded to premium status. Enjoy the perks!"
0,Your feedback matters to us. Take our survey and help us serve you better.
1,Congratulations! You're the winner of our daily giveaway. Click here to claim your reward!
1,Claim your prize now! Click here to confirm your winnings.
0,Stay in the loop with our newsletter. Subscribe now for the latest news and updates.
1,You've been selected for a free trial of our premium service. Click here to activate now!
1,Get exclusive access to our VIP club. Click here to join now!
1,You're our lucky winner! Click here to claim your jackpot prize.
1,Your bank account has been suspended. Click here to verify your account details.
0,We're here to help! Contact our customer support team for assistance.
0,We're excited to announce our new product launch. Check it out on our website!
1,Unlock exclusive discounts! Click here to join our loyalty program.
0,"Dear valued customer, here's a special discount code for your next purchase: XYZ123."
1,Get rich overnight! Click here to learn our secret money-making method.
0,We're excited to announce our partnership with [Company]. Stay tuned for exciting collaborations!
0,We've reached a milestone! Thank you for being part of our journey.
0,"We're pleased to announce our partnership with [Company]. Together, we'll achieve great things!"
0,We're hosting a giveaway on our social media channels. Follow us for a chance to win!
0,We've launched a new feature based on user feedback. Try it out and let us know what you think!
0,We've upgraded our servers for faster performance. Enjoy smoother browsing!
0,Congratulations on your recent achievement! Keep up the great work!
1,Claim your inheritance now! Click here to access your funds.
0,We're committed to your satisfaction. Let us know how we can improve.
0,We're excited to share our latest updates with you. Stay tuned for more news!
1,Congratulations! You're the lucky winner of our holiday giveaway. Click here to claim your prize!
1,You're invited to a special event. Click here to RSVP now!
0,Thank you for your loyalty. Here's a special discount for being a valued customer.
0,We hope you're enjoying your subscription. Let us know if you have any questions.
0,"Dear [Name], your account balance is now updated. Please review the details."
0,We're celebrating our anniversary! Join us for special offers and giveaways all week long.
1,Your email account storage is full. Click here to upgrade your account.
1,You're invited to a special event. Click here to RSVP now!
0,We're here to assist you. Contact our support team if you need any help.
0,Don't miss our end-of-season sale! Grab your favorite items at discounted prices.
1,Your account has been credited with bonus points. Click here to redeem your rewards.
1,Your Facebook account has been hacked. Click here to secure your account.
1,Your account has been flagged for suspicious activity. Click here to verify your identity.
1,You've won a shopping spree! Click here to claim your voucher.
0,We're extending our sale for one more day due to popular demand. Don't miss out!
0,We're hosting a live Q&A session tomorrow. Submit your questions in advance!
1,You've won a lottery! Click here to claim your million-dollar prize!
0,Congratulations on your recent purchase! Here's a voucher for your next order.
1,Get rich quick! Click here to join our exclusive investment program.
0,Your account has been credited with bonus points for your recent purchase. Enjoy!
0,Get ready for our annual sale! Huge discounts on a wide range of products.
0,We're sorry for the inconvenience. Our technical team is working on resolving the issue.
0,"Your account login was successful. If this wasn't you, please contact us immediately."
0,"We're thrilled to announce our partnership with [Organization]. Together, we'll make a difference!"
1,Your account has been suspended due to suspicious activity. Click here to unlock your account.
1,Your Netflix subscription has expired. Click here to renew now!
0,We're experiencing technical difficulties. Our team is working to resolve the issue ASAP.
1,Act fast! Limited-time offer on designer handbags. Click here to shop now!
1,You've won a luxury cruise! Click here to claim your tickets.
0,Hello! Just wanted to remind you about our upcoming event. Don't miss it!
0,Your account password has been reset successfully. Please login with the new password.
1,You've won a shopping spree! Click here to claim your voucher.
1,Unlock exclusive discounts! Click here to join our loyalty program.
1,Act fast! Limited-time offer on luxury watches. Click here to buy now!
1,Make money fast! Join our affiliate program and start earning cash today!
0,Congratulations! You've been selected for a special offer. Enjoy!
1,Your credit card has been charged for unauthorized purchases. Click here to dispute the charges.
0,Congratulations on your recent purchase! Here's a special offer for your next order.
0,Your account has been credited with bonus points for your continued support. Thank you!
1,You've been chosen for a free iPhone. Click here to claim your prize!
1,Congratulations! You've won a free trip to Europe. Click here to claim your prize!
0,Introducing our loyalty program. Earn points with every purchase and redeem rewards!
0,We're pleased to inform you that your refund has been processed successfully.
1,Get rich quick! Invest in our revolutionary new scheme and retire early!
0,Your free trial period is ending soon. Upgrade now to continue enjoying our services.
0,Your order is on its way! Track your shipment for real-time updates.
1,Limited-time offer! Get 50% off on all purchases today only. Don't miss out!
